submission_id.Estimate,submission_id.Est.Error,submission_id.l.95..CI,submission_id.u.95..CI,submission_id.Eff.Sample,submission_id.Rhat,target.Estimate,target.Est.Error,target.l.95..CI,target.u.95..CI,target.Eff.Sample,target.Rhat,Rowname
4.736245285124499,0.5515678108195643,3.7859871008870924,5.950865234054459,766.7944177705276,1.0075144650948125,1.161130499338558,0.27450675488878645,0.7249114845154618,1.7992105628381028,1270.4063608712709,1.0014523061575273,1
4.736245285124499,0.5515678108195643,3.7859871008870924,5.950865234054459,766.7944177705276,1.0075144650948125,0.3325093909718961,0.2544082751139643,0.012588634021609807,0.9440526224948201,2268.6334463576222,1.0006926025040455,2
4.736245285124499,0.5515678108195643,3.7859871008870924,5.950865234054459,766.7944177705276,1.0075144650948125,0.13767339209450197,0.5387156821101632,-0.890022733508233,0.960949848801565,3810.5977044504293,0.999787079515399,3
